"COMPANY NAME","SECURITY TYPE","ISSUE PRICE","Symbol","ISSUE START DATE","ISSUE END DATE","PRICE RANGE","DATE OF LISTING"
"C K K Retail Mart Limited","SME","-","CKKRETAIL","30-JAN-2026","03-FEB-2026","Rs.155 to Rs.163","-"
"KRM Ayurveda Limited","SME","135","KRMAYURVED","21-JAN-2026","23-JAN-2026","Rs.128 to Rs.135","29-JAN-2026"
"Shadowfax Technologies Limited","EQ","   124","SHADOWFAX","20-JAN-2026","22-JAN-2026","Rs.118 to Rs.124","28-JAN-2026"
"Power Finance Corporation Limited","DEBT","  1000","PFC2026","16-JAN-2026","30-JAN-2026","Rs.1000","04-FEB-2026"
"Power Finance Corporation Limited (Zero Coupon NCD)","DEBT","-","PFCZCB1","16-JAN-2026","30-JAN-2026","Rs.100000","-"
"Power Finance Corporation Limited (Zero Coupon NCD)","DEBT","-","PFCZCB1","16-JAN-2026","30-JAN-2026","Rs.100000","-"
"Power Finance Corporation Limited","DEBT","  1000","PFC2026","16-JAN-2026","30-JAN-2026","Rs.1000","04-FEB-2026"
"Armour Security (India). Ltd","SME","57","ARMOUR","14-JAN-2026","19-JAN-2026","Rs.55 to Rs.57","22-JAN-2026"
"Amagi Media Labs Limited","EQ","   361","AMAGI","13-JAN-2026","16-JAN-2026","Rs.343 to Rs.361","21-JAN-2026"
"Avana Electrosystems Limited","SME","59","AVANA","12-JAN-2026","14-JAN-2026","Rs.56 to Rs.59","20-JAN-2026"
"Bharat Coking Coal Limited","EQ","    23","BHARATCOAL","09-JAN-2026","13-JAN-2026","Rs.21 to Rs.23","19-JAN-2026"
"Victory Electric Vehicles International Limited","SME","41","VICTORYEV","07-JAN-2026","09-JAN-2026","RS.41","14-JAN-2026"
"Adani Enterprises Limited","NI","  1000","AEL12126","06-JAN-2026","08-JAN-2026","Rs.1000","13-JAN-2026"
"Adani Enterprises Limited","NI","  1000","AEL12126","06-JAN-2026","08-JAN-2026","Rs.1000","13-JAN-2026"
"E TO E Transportation Infrastructure Limited","SME","174","E2ERAIL","26-DEC-2025","30-DEC-2025","RS.164 to RS.174","02-JAN-2026"
"Dhara Rail Projects Limited","SME","126","DHARARAIL","23-DEC-2025","26-DEC-2025","RS.120 to RS.126","31-DEC-2025"
"Gujarat Kidney and Super Speciality Limited","EQ","   114","GKSL","22-DEC-2025","24-DEC-2025","Rs.108 to Rs.114","30-DEC-2025"
"EPW India Limited","SME","97","EPWINDIA","22-DEC-2025","24-DEC-2025","RS.95 to RS.97","30-DEC-2025"
"Sundrex Oil Company Limited","SME","86","SOCL","22-DEC-2025","24-DEC-2025","RS.81 to RS.86","30-DEC-2025"
"Shyam Dhani Industries Limited","SME","70","SHYAMDHANI","22-DEC-2025","24-DEC-2025","RS.65 to RS.70","30-DEC-2025"
"Marc Technocrats Limited","SME","93","MARC","17-DEC-2025","19-DEC-2025","RS.88 to RS.93","24-DEC-2025"
"KSH International Limited","EQ","   384","KSHINTL","16-DEC-2025","18-DEC-2025","Rs.365 to Rs.384","23-DEC-2025"
"ICICI Prudential Asset Management Company Limited","EQ","  2165","ICICIAMC","12-DEC-2025","16-DEC-2025","Rs.2061 to Rs.2165","19-DEC-2025"
"Ashwini Container Movers Limited","SME","142","ASHWINI","12-DEC-2025","16-DEC-2025","RS.135 to RS.142","19-DEC-2025"
"Exim Routes Limited","SME","88","EXIMROUTES","12-DEC-2025","16-DEC-2025","RS.83 to RS.88","19-DEC-2025"
"Nephrocare Health Services Limited","EQ","   460","NEPHROPLUS","10-DEC-2025","12-DEC-2025","Rs.438 to Rs.460","17-DEC-2025"
"Park Medi World Limited","EQ","   162","PARKHOSPS","10-DEC-2025","12-DEC-2025","Rs.154 to Rs.162","17-DEC-2025"
"Wakefit Innovations Limited","EQ","   195","WAKEFIT","08-DEC-2025","10-DEC-2025","Rs.185 to Rs.195","15-DEC-2025"
"Corona Remedies Limited","EQ","  1062","CORONA","08-DEC-2025","10-DEC-2025","Rs.1008 to Rs.1062","15-DEC-2025"
"Encompass Design India Limited","SME","107","ENCOMPAS","05-DEC-2025","09-DEC-2025","RS.101 to RS.107","12-DEC-2025"
"Flywings Simulator Training Centre Limited","SME","191","FWSTC","05-DEC-2025","09-DEC-2025","RS.181 to RS.191","12-DEC-2025"
"Aequs Limited","EQ","   124","AEQUS","03-DEC-2025","05-DEC-2025","Rs.118 to Rs.124","10-DEC-2025"
"Vidya Wires Limited","EQ","    52","VIDYAWIRES","03-DEC-2025","05-DEC-2025","Rs.48 to Rs.52","10-DEC-2025"
"Meesho Limited","EQ","   111","MEESHO","03-DEC-2025","05-DEC-2025","Rs.105 to Rs.111","10-DEC-2025"
"Shri Kanha Stainless Limited","SME","90","SHRIKANHA","03-DEC-2025","05-DEC-2025","RS.90","10-DEC-2025"
"Neochem Bio Solutions Limited","SME","98","NEOCHEM","02-DEC-2025","04-DEC-2025","RS.93 to RS.98","09-DEC-2025"
"Invicta Diagnostic Limited","SME","85","INVICTA","01-DEC-2025","03-DEC-2025","RS.80 to RS.85","08-DEC-2025"
"Speb Adhesives Limited","SME","56","SPEB","01-DEC-2025","03-DEC-2025","RS.52 to RS.56","08-DEC-2025"
"Clear Secured Services Limited","SME","132","CSSL","01-DEC-2025","03-DEC-2025","RS.125 to RS.132","08-DEC-2025"
"Sudeep Pharma Limited","EQ","   593","SUDEEPPHRM","21-NOV-2025","25-NOV-2025","Rs.563 to Rs.593","28-NOV-2025"
"Excelsoft Technologies Limited","EQ","   120","EXCELSOFT","19-NOV-2025","21-NOV-2025","Rs.114 to Rs.120","26-NOV-2025"
"Capillary Technologies India Limited","EQ","   577","CAPILLARY","14-NOV-2025","18-NOV-2025","Rs.549 to Rs.577","21-NOV-2025"
"Fujiyama Power Systems Limited","EQ","   228","UTLSOLAR","13-NOV-2025","17-NOV-2025","Rs.216 to Rs.228","20-NOV-2025"
"Tenneco Clean Air India Limited","EQ","   397","TENNIND","12-NOV-2025","14-NOV-2025","Rs.378 to Rs.397","19-NOV-2025"
"Physicswallah Limited","EQ","   109","PWL","11-NOV-2025","13-NOV-2025","Rs.103 to Rs.109","18-NOV-2025"
"Emmvee Photovoltaic Power Limited","EQ","   217","EMMVEE","11-NOV-2025","13-NOV-2025","Rs.206 to Rs.217","18-NOV-2025"
"Pine Labs Limited","EQ","   221","PINELABS","07-NOV-2025","11-NOV-2025","Rs.210 to Rs.221","14-NOV-2025"
"Curis Lifesciences Limited","SME","128","CURIS","07-NOV-2025","11-NOV-2025","RS.120 to RS.128","14-NOV-2025"
"Finbud Financial Services Limited","SME","142","FINBUD","06-NOV-2025","10-NOV-2025","RS.140 to RS.142","13-NOV-2025"
"Billionbrains Garage Ventures Limited","EQ","   100","GROWW","04-NOV-2025","07-NOV-2025","Rs.95 to Rs.100","12-NOV-2025"
"Shreeji Global FMCG Limited","SME","125","SHETHJI","04-NOV-2025","07-NOV-2025","RS.120 to RS.125","12-NOV-2025"
"Lenskart Solutions Limited","EQ","   402","LENSKART","31-OCT-2025","04-NOV-2025","Rs.382 to Rs.402","10-NOV-2025"
"Studds Accessories Limited","EQ","   585","STUDDS","30-OCT-2025","03-NOV-2025","Rs.557 to Rs.585","07-NOV-2025"
"Orkla India Limited","EQ","   730","ORKLAINDIA","29-OCT-2025","31-OCT-2025","Rs.695 to Rs.730","06-NOV-2025"
"Jayesh Logistics Limited","SME","122","JAYESH","27-OCT-2025","29-OCT-2025","RS.116 to RS.122","03-NOV-2025"
"SMC Global Securities Limited","DEBT","-","SMCG03","16-OCT-2025","24-OCT-2025","Rs.1000","-"
"SMC Global Securities Limited","DEBT","-","SMCG03","16-OCT-2025","24-OCT-2025","Rs.1000","-"
"Midwest Limited","EQ","  1065","MIDWESTLTD","15-OCT-2025","17-OCT-2025","Rs.1014 to Rs.1065","24-OCT-2025"
"Canara HSBC Life Insurance Company Limited","EQ","   106","CANHLIFE","10-OCT-2025","14-OCT-2025","Rs.100 to Rs.106","17-OCT-2025"
"Rubicon Research Limited","EQ","   485","RUBICON","09-OCT-2025","13-OCT-2025","Rs.461 to Rs.485","16-OCT-2025"
"Canara Robeco Asset Management Company Limited","EQ","   266","CRAMC","09-OCT-2025","13-OCT-2025","Rs.253 to Rs.266","16-OCT-2025"
"Anantam Highways Trust","IV","   100","ANANTAM","07-OCT-2025","09-OCT-2025","Rs.98 to Rs.100","16-OCT-2025"
"LG Electronics India Limited","EQ","  1140","LGEINDIA","07-OCT-2025","09-OCT-2025","Rs.1080 to Rs.1140","14-OCT-2025"
"Anantam Highways Trust","IV","   100","ANANTAM","07-OCT-2025","09-OCT-2025","Rs.98 to Rs.100","16-OCT-2025"
"Surat Municipal Corporation","DEBT","   500","SMC01","06-OCT-2025","09-OCT-2025","Rs.1000","14-OCT-2025"
"Tata Capital Limited","N0","######","73TACA30","06-OCT-2025","08-OCT-2025","Rs.310 to Rs.326","18-NOV-2025"
"Surat Municipal Corporation","DEBT","   500","SMC01","06-OCT-2025","09-OCT-2025","Rs.1000","14-OCT-2025"
"Tata Capital Limited","N0","######","73TACA30","06-OCT-2025","08-OCT-2025","Rs.310 to Rs.326","18-NOV-2025"
"WeWork India Management Limited","EQ","   648","WEWORK","03-OCT-2025","07-OCT-2025","Rs.615 to Rs.648","10-OCT-2025"
"Advance Agrolife Limited","BE","   100","ADVANCE","30-SEP-2025","03-OCT-2025","Rs.95 to Rs.100","08-OCT-2025"
"Advance Agrolife Limited","BE","   100","ADVANCE","30-SEP-2025","03-OCT-2025","Rs.95 to Rs.100","08-OCT-2025"
"Greenleaf Envirotech Limited","SME","136","GREENLEAF","30-SEP-2025","06-OCT-2025","RS.136","09-OCT-2025"
"B.A.G. Convergence Limited","SME","87","BAGDIGITAL","30-SEP-2025","03-OCT-2025","RS.82 to RS.87","08-OCT-2025"
"Munish Forge Limited","SME","96","MUNISH","30-SEP-2025","03-OCT-2025","RS.91 to RS.96","08-OCT-2025"
"Sheel Biotech Limited","SME","63","SHEEL","30-SEP-2025","03-OCT-2025","RS.59 to RS.63","08-OCT-2025"
"Om Freight Forwarders Limited","BE","   135","OMFREIGHT","29-SEP-2025","03-OCT-2025","Rs.128 to Rs.135","08-OCT-2025"
"Glottis Limited","EQ","   129","GLOTTIS","29-SEP-2025","01-OCT-2025","Rs.120 to Rs.129","07-OCT-2025"
"Fabtech Technologies Limited","BE","   191","FABTECH","29-SEP-2025","01-OCT-2025","Rs.181 to Rs.191","07-OCT-2025"
"Om Freight Forwarders Limited","BE","   135","OMFREIGHT","29-SEP-2025","03-OCT-2025","Rs.128 to Rs.135","08-OCT-2025"
"Fabtech Technologies Limited","BE","   191","FABTECH","29-SEP-2025","01-OCT-2025","Rs.181 to Rs.191","07-OCT-2025"
"Suba Hotels Limited","SME","111","SUBAHOTELS","29-SEP-2025","01-OCT-2025","RS.105 to RS.111","07-OCT-2025"
"Vijaypd Ceutical Limited","SME","35","VIJAYPD","29-SEP-2025","01-OCT-2025","RS.35","07-OCT-2025"
"Pace Digitek Limited","EQ","   219","PACEDIGITK","26-SEP-2025","30-SEP-2025","Rs.208 to Rs.219","06-OCT-2025"
"Manas Polymers and Energies Limited","SME","81","MPEL","26-SEP-2025","30-SEP-2025","RS.76 to RS.81","06-OCT-2025"
"Jinkushal Industries Limited","BE","   121","JKIPL","25-SEP-2025","29-SEP-2025","Rs.115 to Rs.121","03-OCT-2025"
"TruAlt Bioenergy Limited","EQ","   496","TRUALT","25-SEP-2025","29-SEP-2025","Rs.472 to Rs.496","03-OCT-2025"
"Jinkushal Industries Limited","BE","   121","JKIPL","25-SEP-2025","29-SEP-2025","Rs.115 to Rs.121","03-OCT-2025"
"Jain Resource Recycling Limited","EQ","   232","JAINREC","24-SEP-2025","26-SEP-2025","Rs.220 to Rs.232","01-OCT-2025"
"BMW Ventures Limited","BE","    99","BMWVENTLTD","24-SEP-2025","26-SEP-2025","Rs.94 to Rs.99","01-OCT-2025"
"Epack Prefab Technologies Limited","EQ","   204","EPACKPEB","24-SEP-2025","26-SEP-2025","Rs.194 to Rs.204","01-OCT-2025"
"BMW Ventures Limited","BE","    99","BMWVENTLTD","24-SEP-2025","26-SEP-2025","Rs.94 to Rs.99","01-OCT-2025"
"Gurunanak Agriculture India Limited","SME","75","GURUNANAK","24-SEP-2025","26-SEP-2025","RS.75","01-OCT-2025"
"Solarworld Energy Solutions Limited","EQ","   351","SOLARWORLD","23-SEP-2025","25-SEP-2025","Rs.333 to Rs.351","30-SEP-2025"
"Anand Rathi Share and Stock Brokers Limited","EQ","   414","ARSSBL","23-SEP-2025","25-SEP-2025","Rs.393 to Rs.414","30-SEP-2025"
"Jaro Institute of Technology Management and Research Limited","EQ","   890","JARO","23-SEP-2025","25-SEP-2025","Rs.846 to Rs.890","30-SEP-2025"
"Seshaasai Technologies Limited","EQ","   423","STYL","23-SEP-2025","25-SEP-2025","Rs.402 to Rs.423","30-SEP-2025"
"Ecoline Exim Limited","SME","141","ECOLINE","23-SEP-2025","25-SEP-2025","RS.134 to RS.141","30-SEP-2025"
"Matrix Geo Solutions Limited","SME","104","MGSL","23-SEP-2025","25-SEP-2025","RS.98 to RS.104","30-SEP-2025"
"Ganesh Consumer Products Limited","EQ","   322","GANESHCP","22-SEP-2025","24-SEP-2025","Rs.306 to Rs.322","29-SEP-2025"
"Atlanta Electricals Limited","EQ","   754","ATLANTAELE","22-SEP-2025","24-SEP-2025","Rs.718 to Rs.754","29-SEP-2025"
"Prime Cable Industries Limited","SME","83","PRIMECAB","22-SEP-2025","24-SEP-2025","RS.78 to RS.83","29-SEP-2025"
"Saatvik Green Energy Limited","EQ","   465","SAATVIK","19-SEP-2025","23-SEP-2025","Rs.442 to Rs.465","26-SEP-2025"
"GK Energy Limited","EQ","   153","GKENERGY","19-SEP-2025","23-SEP-2025","Rs.145 to Rs.153","26-SEP-2025"
"Siddhi Cotspin Limited","SME","108","SIDDHICOTS","19-SEP-2025","23-SEP-2025","RS.102 to RS.108","26-SEP-2025"
"Ivalue Infosolutions Limited","EQ","   299","IVALUE","18-SEP-2025","22-SEP-2025","Rs.284 to Rs.299","25-SEP-2025"
"VMS TMT Limited","BE","    99","VMSTMT","17-SEP-2025","19-SEP-2025","Rs.94 to Rs.99","24-SEP-2025"
"VMS TMT Limited","BE","    99","VMSTMT","17-SEP-2025","19-SEP-2025","Rs.94 to Rs.99","24-SEP-2025"
"Euro Pratik Sales Limited","EQ","   247","EUROPRATIK","16-SEP-2025","18-SEP-2025","Rs.235 to Rs.247","23-SEP-2025"
"TechD Cybersecurity Limited","SME","193","TECHD","15-SEP-2025","17-SEP-2025","RS.183 to RS.193","22-SEP-2025"
"Dev Accelerator Limited","BE","    61","DEVX","10-SEP-2025","12-SEP-2025","Rs.56 to Rs.61","17-SEP-2025"
"Shringar House of Mangalsutra Limited","EQ","   165","SHRINGARMS","10-SEP-2025","12-SEP-2025","Rs.155 to Rs.165","17-SEP-2025"
"Urban Company Limited","EQ","   103","URBANCO","10-SEP-2025","12-SEP-2025","Rs.98 to Rs.103","17-SEP-2025"
"Dev Accelerator Limited","BE","    61","DEVX","10-SEP-2025","12-SEP-2025","Rs.56 to Rs.61","17-SEP-2025"
"Galaxy Medicare Limited","SME","54","GML","10-SEP-2025","12-SEP-2025","RS.51 to RS.54","17-SEP-2025"
"Taurian MPS Limited","SME","171","TAURIAN","09-SEP-2025","11-SEP-2025","RS.162 to RS.171","16-SEP-2025"
"Vigor Plast India Limited","SME","81","VIGOR","04-SEP-2025","09-SEP-2025","RS.77 to RS.81","12-SEP-2025"
"Optivalue Tek Consulting Limited","SME","84","OPTIVALUE","02-SEP-2025","04-SEP-2025","RS.80 to RS.84","10-SEP-2025"
"Amanta Healthcare Limited","BE","   126","AMANTA","01-SEP-2025","03-SEP-2025","Rs.120 to Rs.126","09-SEP-2025"
"Amanta Healthcare Limited","BE","   126","AMANTA","01-SEP-2025","03-SEP-2025","Rs.120 to Rs.126","09-SEP-2025"
"Snehaa Organics Limited","SME","122","SNEHAA","29-AUG-2025","02-SEP-2025","RS.115 to RS.122","05-SEP-2025"
"Anlon Healthcare Limited","BE","    91","AHCL","26-AUG-2025","29-AUG-2025","Rs.86 to Rs.91","03-SEP-2025"
"Vikran Engineering Limited","EQ","    97","VIKRAN","26-AUG-2025","29-AUG-2025","Rs.92 to Rs.97","03-SEP-2025"
"Anlon Healthcare Limited","BE","    91","AHCL","26-AUG-2025","29-AUG-2025","Rs.86 to Rs.91","03-SEP-2025"
"Current Infraprojects Limited","SME","80","CURRENT","26-AUG-2025","29-AUG-2025","RS.76 to RS.80","03-SEP-2025"
"Sattva Engineering Construction Limited","SME","75","SATTVAENGG","26-AUG-2025","29-AUG-2025","RS.70 to RS.75","03-SEP-2025"
"Shivashrit Foods Limited","SME","142","SHIVASHRIT","22-AUG-2025","26-AUG-2025","RS.135 to RS.142","01-SEP-2025"
"Classic Electrodes (India) Limited","SME","87","CLASSICEIL","22-AUG-2025","26-AUG-2025","RS.82 to RS.87","01-SEP-2025"
"Anondita Medicare Limited","SME","145","ANONDITA","22-AUG-2025","26-AUG-2025","RS.137 to RS.145","01-SEP-2025"
"ARC Insulation & Insulators Limited","SME","125","ARCIIL","21-AUG-2025","25-AUG-2025","RS.119 to RS.125","29-AUG-2025"
"Mangal Electrical Industries Limited","EQ","   561","MEIL","20-AUG-2025","22-AUG-2025","Rs.533 to Rs.561","28-AUG-2025"
"Vikram Solar Limited","EQ","   332","VIKRAMSOLR","19-AUG-2025","21-AUG-2025","Rs.315 to Rs.332","26-AUG-2025"
"Shreeji Shipping Global Limited","EQ","   252","SHREEJISPG","19-AUG-2025","21-AUG-2025","Rs.240 to Rs.252","26-AUG-2025"
"Gem Aromatics Limited","EQ","   325","GEMAROMA","19-AUG-2025","21-AUG-2025","Rs.309 to Rs.325","26-AUG-2025"
"Patel Retail Limited","BE","   255","PATELRMART","19-AUG-2025","21-AUG-2025","Rs.237 to Rs.255","26-AUG-2025"
"Patel Retail Limited","BE","   255","PATELRMART","19-AUG-2025","21-AUG-2025","Rs.237 to Rs.255","26-AUG-2025"
"Studio LSD Limited","SME","54","STUDIOLSD","18-AUG-2025","20-AUG-2025","RS.51 to RS.54","25-AUG-2025"
"Regaal Resources Limited","EQ","   102","REGAAL","12-AUG-2025","14-AUG-2025","Rs.96 to Rs.102","20-AUG-2025"
"Mahendra Realtors & Infrastructure Limited","SME","85","MRIL","12-AUG-2025","14-AUG-2025","RS.75 to RS.85","20-AUG-2025"
"BlueStone Jewellery and Lifestyle Limited","EQ","   517","BLUESTONE","11-AUG-2025","13-AUG-2025","Rs.492 to Rs.517","19-AUG-2025"
"Medistep Healthcare Limited","SME","43","MEDISTEP","08-AUG-2025","12-AUG-2025","RS.43","18-AUG-2025"
"ANB Metal Cast Limited","SME","156","AMCL","08-AUG-2025","12-AUG-2025","RS.148 to RS.156","18-AUG-2025"
"All Time Plastics Limited","EQ","   275","ALLTIME","07-AUG-2025","11-AUG-2025","Rs.260 to Rs.275","14-AUG-2025"
"JSW Cement Limited","EQ","   147","JSWCEMENT","07-AUG-2025","11-AUG-2025","Rs.139 to Rs.147","14-AUG-2025"
"Connplex Cinemas Limited","SME","177","CONNPLEX","07-AUG-2025","11-AUG-2025","RS.168 to RS.177","14-AUG-2025"
"Sawaliya Food Products Limited","SME","120","SAWALIYA","07-AUG-2025","11-AUG-2025","RS.114 to RS.120","14-AUG-2025"
"Highway Infrastructure Limited","BE","    70","HILINFRA","05-AUG-2025","07-AUG-2025","Rs.65 to Rs.70","12-AUG-2025"
"Knowledge Realty Trust","RR","   100","KRT","05-AUG-2025","07-AUG-2025","Rs.95 to Rs.100","18-AUG-2025"
"Knowledge Realty Trust","RR","   100","KRT","05-AUG-2025","07-AUG-2025","Rs.95 to Rs.100","18-AUG-2025"
"Highway Infrastructure Limited","BE","    70","HILINFRA","05-AUG-2025","07-AUG-2025","Rs.65 to Rs.70","12-AUG-2025"
"Aaradhya Disposal Industries Limited","SME","116","AARADHYA","04-AUG-2025","06-AUG-2025","RS.110 to RS.116","11-AUG-2025"
"Parth Electricals & Engineering Limited","SME","170","PARTH","04-AUG-2025","06-AUG-2025","RS.160 to RS.170","11-AUG-2025"
"Jyoti Global Plast Limited","SME","66","JYOTIGLOBL","04-AUG-2025","06-AUG-2025","RS.62 to RS.66","11-AUG-2025"
"Bhadora Industries Limited","SME","103","BHADORA","04-AUG-2025","06-AUG-2025","RS.97 to RS.103","11-AUG-2025"
"FlySBS Aviation Limited","SME","225","FLYSBS","01-AUG-2025","05-AUG-2025","RS.210 to RS.225","08-AUG-2025"
"Renol Polychem Limited","SME","105","RNPL","31-JUL-2025","04-AUG-2025","RS.100 to RS.105","07-AUG-2025"
"Cash Ur Drive Marketing Limited","SME","130","CUDML","31-JUL-2025","04-AUG-2025","RS.123 to RS.130","07-AUG-2025"
"National Securities Depository Limited","EQ","-","NSDL","30-JUL-2025","01-AUG-2025","Rs.760 to Rs.800","-"
"Sri Lotus Developers and Realty Limited","EQ","   150","LOTUSDEV","30-JUL-2025","01-AUG-2025","Rs.140 to Rs.150","06-AUG-2025"
"M&B Engineering Limited","EQ","   385","MBEL","30-JUL-2025","01-AUG-2025","Rs.366 to Rs.385","06-AUG-2025"
"Laxmi India Finance Limited","EQ","   158","LAXMIINDIA","29-JUL-2025","31-JUL-2025","Rs.150 to Rs.158","05-AUG-2025"
"Aditya Infotech Limited","EQ","   675","CPPLUS","29-JUL-2025","31-JUL-2025","Rs.640 to Rs.675","05-AUG-2025"
"Kaytex Fabrics Limited","SME","180","KAYTEX","29-JUL-2025","31-JUL-2025","RS.171 to RS.180","05-AUG-2025"
"Shanti Gold International Limited","EQ","   199","SHANTIGOLD","25-JUL-2025","29-JUL-2025","Rs.189 to Rs.199","01-AUG-2025"
"Sellowrap Industries Limited","SME","83","SELLOWRAP","25-JUL-2025","29-JUL-2025","RS.79 to RS.83","01-AUG-2025"
"Brigade Hotel Ventures Limited","EQ","    90","BRIGHOTEL","24-JUL-2025","28-JUL-2025","Rs.85 to Rs.90","31-JUL-2025"
"GNG Electronics Limited","EQ","   237","EBGNG","23-JUL-2025","25-JUL-2025","Rs.225 to Rs.237","30-JUL-2025"
"Indiqube Spaces Limited","EQ","   237","INDIQUBE","23-JUL-2025","25-JUL-2025","Rs.225 to Rs.237","30-JUL-2025"
"TSC India Limited","SME","70","TSC","23-JUL-2025","25-JUL-2025","RS.68 to RS.70","30-JUL-2025"
"Savy Infra and Logistics Limited","SME","120","SAVY","21-JUL-2025","23-JUL-2025","RS.114 to RS.120","28-JUL-2025"
"Sammaan Capital Limited","DEBT","######","SCL004","15-JUL-2025","28-JUL-2025","Rs.1000","20-JAN-2026"
"Sammaan Capital Limited","DEBT","######","SCL004","15-JUL-2025","28-JUL-2025","Rs.1000","20-JAN-2026"
"Anthem Biosciences Limited","EQ","   570","ANTHEM","14-JUL-2025","16-JUL-2025","Rs.540 to Rs.570","21-JUL-2025"
"Spunweb Nonwoven Limited","SME","96","SPUNWEB","14-JUL-2025","16-JUL-2025","RS.90 to RS.96","21-JUL-2025"
"Smartworks Coworking Spaces Limited","EQ","   407","SMARTWORKS","10-JUL-2025","14-JUL-2025","Rs.387 to Rs.407","17-JUL-2025"
"Adani Enterprises Limited","NI","  1000","AEL12126","09-JUL-2025","11-JUL-2025","Rs.1000","13-JAN-2026"
"Adani Enterprises Limited","NI","  1000","AEL12126","09-JUL-2025","11-JUL-2025","Rs.1000","13-JAN-2026"
"Travel Food Services Limited","EQ","  1100","TRAVELFOOD","07-JUL-2025","09-JUL-2025","Rs.1045 to Rs.1100","14-JUL-2025"
"Smarten Power Systems Limited","SME","100","SMARTEN","07-JUL-2025","09-JUL-2025","RS.100","14-JUL-2025"
"Happy Square Outsourcing Services Limited","SME","76","WHITEFORCE","03-JUL-2025","07-JUL-2025","RS.72 to RS.76","10-JUL-2025"
"CRIZAC LIMITED","EQ","   245","CRIZAC","02-JUL-2025","04-JUL-2025","Rs.233 to Rs.245","09-JUL-2025"
"Silky Overseas Limited","SME","161","SILKY","30-JUN-2025","02-JUL-2025","Rs.153 to RS.161","07-JUL-2025"
"Pushpa Jewellers Limited","SME","147","PUSHPA","30-JUN-2025","02-JUL-2025","Rs.143 to RS.147","07-JUL-2025"
"Cedaar Textile Limited","SME","140","CEDAAR","30-JUN-2025","02-JUL-2025","Rs.130 to RS.140","07-JUL-2025"
"Indogulf Cropsciences Limited","BE","   111","IGCL","26-JUN-2025","30-JUN-2025","Rs.105 to Rs.111","03-JUL-2025"
"Indogulf Cropsciences Limited","BE","   111","IGCL","26-JUN-2025","30-JUN-2025","Rs.105 to Rs.111","03-JUL-2025"
"PRO FX Tech Limited","SME","87","PROFX","26-JUN-2025","30-JUN-2025","Rs.82 to RS.87","03-JUL-2025"
"Moving Media Entertainment Limited","SME","70","MMEL","26-JUN-2025","30-JUN-2025","Rs.66 to RS.70","03-JUL-2025"
"Sambhv Steel Tubes Limited","EQ","    82","SAMBHV","25-JUN-2025","27-JUN-2025","Rs.77 to Rs.82","02-JUL-2025"
"HDB Financial Services Limited","EQ","   740","HDBFS","25-JUN-2025","27-JUN-2025","Rs.700 to Rs.740","02-JUL-2025"
"Rama Telecom Limited","SME","68","RTL","25-JUN-2025","27-JUN-2025","Rs.65 to RS.68","02-JUL-2025"
"Suntech Infra Solutions Limited","SME","86","SUNTECH","25-JUN-2025","27-JUN-2025","Rs.81 to RS. 86","02-JUL-2025"
"Ellenbarrie Industrial Gases Limited","EQ","   400","ELLEN","24-JUN-2025","26-JUN-2025","Rs.380 to Rs.400","01-JUL-2025"
"Kalpataru Limited","EQ","   414","KALPATARU","24-JUN-2025","26-JUN-2025","Rs.387 to Rs.414","01-JUL-2025"
"Globe Civil Projects Limited","BE","    71","GLOBECIVIL","24-JUN-2025","26-JUN-2025","Rs.67 to Rs.71","01-JUL-2025"
"Globe Civil Projects Limited","BE","    71","GLOBECIVIL","24-JUN-2025","26-JUN-2025","Rs.67 to Rs.71","01-JUL-2025"
"Shri Hare-Krishna Sponge Iron Limited","SME","59","SHKSIL","24-JUN-2025","26-JUN-2025","Rs.56 to RS. 59","01-JUL-2025"
"Mayasheel Ventures Limited","SME","47","MAYASHEEL","20-JUN-2025","24-JUN-2025","Rs.44 to RS. 47","27-JUN-2025"
"Aakaar Medical Technologies Limited","SME","72","AAKAAR","20-JUN-2025","24-JUN-2025","Rs.68 to RS. 72","27-JUN-2025"
"Safe Enterprises Retail Fixtures Limited","SME","138","SAFEENTP","20-JUN-2025","24-JUN-2025","Rs.131 to RS. 138","27-JUN-2025"
"Arisinfra Solutions Limited","EQ","   222","ARISINFRA","18-JUN-2025","20-JUN-2025","Rs.210 to Rs.222","25-JUN-2025"
"Influx Healthtech Limited","SME","96","INFLUX","18-JUN-2025","20-JUN-2025","Rs.91 to RS. 96","25-JUN-2025"
"Eppeltone Engineers Limited","SME","128","EEPL","17-JUN-2025","19-JUN-2025","Rs.125 to RS. 128","24-JUN-2025"
"Patil Automation Limited","SME","120","PATILAUTOM","16-JUN-2025","18-JUN-2025","Rs.114 to RS. 120","23-JUN-2025"
"Samay Project Services Limited","SME","34","SAMAY","16-JUN-2025","18-JUN-2025","Rs.32 to RS. 34","23-JUN-2025"
"Oswal Pumps Limited","EQ","   614","OSWALPUMPS","13-JUN-2025","17-JUN-2025","Rs.584 to Rs.614","20-JUN-2025"
"Monolithisch India Limited","SME","143","MONOLITH","12-JUN-2025","16-JUN-2025","Rs.135 to RS. 143","19-JUN-2025"
"Jainik Power Cables Limited","SME","110","JAINIK","10-JUN-2025","12-JUN-2025","Rs.100 to RS. 110","17-JUN-2025"
"Sacheerome Limited","SME","102","SACHEEROME","09-JUN-2025","11-JUN-2025","Rs.96 to RS. 102","16-JUN-2025"
"Ganga Bath Fittings Limited","SME","49","GANGABATH","04-JUN-2025","06-JUN-2025","Rs.46 to RS. 49","11-JUN-2025"
"Scoda Tubes Limited","BE","   140","SCODATUBES","28-MAY-2025","30-MAY-2025","Rs.130 Rs.140","04-JUN-2025"
"Scoda Tubes Limited","BE","   140","SCODATUBES","28-MAY-2025","30-MAY-2025","Rs.130 Rs.140","04-JUN-2025"
"Neptune Petrochemicals Limited","SME","122","NEPTUNE","28-MAY-2025","30-MAY-2025","Rs.115 to RS. 122","04-JUN-2025"
"N R Vandana Tex Industries Limited","SME","45","NRVANDANA","28-MAY-2025","30-MAY-2025","Rs.42 to Rs.45","04-JUN-2025"
"Prostarm Info Systems Limited","BE","   105","PROSTARM","27-MAY-2025","29-MAY-2025","Rs.95 to Rs.105","03-JUN-2025"
"Prostarm Info Systems Limited","BE","   105","PROSTARM","27-MAY-2025","29-MAY-2025","Rs.95 to Rs.105","03-JUN-2025"
"Blue Water Logistics Limited","SME","135","BLUEWATER","27-MAY-2025","29-MAY-2025","Rs.132 to Rs.135","03-JUN-2025"
"Nikita Papers Limited","SME","104","NIKITA","27-MAY-2025","29-MAY-2025","Rs.95 to RS. 104","03-JUN-2025"
"Schloss Bangalore Limited","EQ","   435","THELEELA","26-MAY-2025","28-MAY-2025","Rs.413 to Rs.435","02-JUN-2025"
"Aegis Vopak Terminals Limited","N0","######","AVTL29","26-MAY-2025","28-MAY-2025","Rs.223 to Rs.235","08-JAN-2026"
"Aegis Vopak Terminals Limited","N0","######","AVTL29","26-MAY-2025","28-MAY-2025","Rs.223 to Rs.235","08-JAN-2026"
"Belrise Industries Limited","EQ","    90","BELRISE","21-MAY-2025","23-MAY-2025","Rs.85 to Rs.90","28-MAY-2025"
"Dar Credit & Capital Limited","SME","100000","1225DCCL27","21-MAY-2025","23-MAY-2025","Rs.57 to Rs.60","16-DEC-2025"
"Borana Weaves Limited","BE","   216","BORANA","20-MAY-2025","22-MAY-2025","Rs.205 to Rs.216","27-MAY-2025"
"Borana Weaves Limited","BE","   216","BORANA","20-MAY-2025","22-MAY-2025","Rs.205 to Rs.216","27-MAY-2025"
"Accretion Pharmaceuticals Limited","SME","101","ACCPL","14-MAY-2025","16-MAY-2025","Rs.96 to Rs.101","21-MAY-2025"
"Integrity Infrabuild Developers Limited","SME","100","INTEGRITY","13-MAY-2025","15-MAY-2025","Rs.100","20-MAY-2025"
"Virtual Galaxy Infotech Limited","SME","142","VGINFOTECH","09-MAY-2025","14-MAY-2025","Rs.135 to Rs.142","19-MAY-2025"
"Arunaya Organics Limited","SME","58","ARUNAYA","29-APR-2025","02-MAY-2025","Rs.55 TO RS. 58","07-MAY-2025"
"Ather Energy Limited","EQ","   321","ATHERENERG","28-APR-2025","30-APR-2025","Rs.304 to Rs.321","06-MAY-2025"
"Iware Supplychain Services Limited","SME","95","IWARE","28-APR-2025","30-APR-2025","Rs.95","06-MAY-2025"
"Tankup Engineers Limited","SME","140","TANKUP","23-APR-2025","25-APR-2025","Rs.133 TO RS. 140","30-APR-2025"
"IIFL Finance Limited","N0","######","930IIFL35A","07-APR-2025","11-APR-2025","Rs.1000","02-JAN-2026"
"IIFL Finance Limited","N0","######","930IIFL35A","07-APR-2025","11-APR-2025","Rs.1000","02-JAN-2026"
"UGRO Capital Limited","DEBT","  1000","UGROD6","03-APR-2025","17-APR-2025","Rs.1000","28-APR-2025"
"UGRO Capital Limited","DEBT","  1000","UGROD6","03-APR-2025","17-APR-2025","Rs.1000","28-APR-2025"
"SMC Global Securities Limited","DEBT","-","SMCG02","02-APR-2025","17-APR-2025","Rs.1000","-"
"SMC Global Securities Limited","DEBT","-","SMCG02","02-APR-2025","17-APR-2025","Rs.1000","-"
"Shri Ahimsa Naturals Limited","SME","119","SHRIAHIMSA","25-MAR-2025","27-MAR-2025","Rs.113 to Rs.119","02-APR-2025"
"ATC Energies System Limited","SME","118","ATCENERGY","25-MAR-2025","27-MAR-2025","Rs.112 to Rs.118","02-APR-2025"
"Active Infrastructures Limited","SME","181","ACTIVEINFR","21-MAR-2025","25-MAR-2025","Rs.178 to Rs.181","28-MAR-2025"
"Rapid Fleet Management Services Limited","SME","192","RAPIDFLEET","21-MAR-2025","25-MAR-2025","Rs.183 to Rs.192","28-MAR-2025"
"Grand Continent Hotels Limited","SME","113","GCHOTELS","20-MAR-2025","24-MAR-2025","Rs.107 to Rs.113","27-MAR-2025"
"Divine Hira Jewellers Limited","SME","90","DIVINEHIRA","17-MAR-2025","19-MAR-2025","Rs.90","24-MAR-2025"
"Balaji Phosphates Limited","SME","70","BALAJIPHOS","28-FEB-2025","04-MAR-2025","Rs.66 to Rs.70","07-MAR-2025"
"Sammaan Capital Limited","N0","######","975SCL35","27-FEB-2025","12-MAR-2025","Rs.1000","20-JAN-2026"
"Sammaan Capital Limited","N0","######","975SCL35","27-FEB-2025","12-MAR-2025","Rs.1000","20-JAN-2026"
"HP Telecom India Limited","SME","108","HPTL","20-FEB-2025","24-FEB-2025","Rs.108","28-FEB-2025"
"Quality Power Electrical Equipments Limited","EQ","   425","QPOWER","14-FEB-2025","18-FEB-2025","Rs.401 to Rs.425","24-FEB-2025"
"Tejas Cargo India Limited","SME","168","TEJASCARGO","14-FEB-2025","18-FEB-2025","Rs.160 to Rs.168","24-FEB-2025"
"Royal Arc Electrodes Limited","SME","120","ROYALARC","14-FEB-2025","18-FEB-2025","Rs.114 to Rs.120","24-FEB-2025"
"Hexaware Technologies Limited","EQ","   708","HEXT","12-FEB-2025","14-FEB-2025","Rs.674 to Rs.708","19-FEB-2025"
"Voler Car Limited","SME","90","VOLERCAR","12-FEB-2025","14-FEB-2025","Rs.85 to Rs.90","19-FEB-2025"
"P S Raj Steels Limited","SME","140","PSRAJ","12-FEB-2025","14-FEB-2025","Rs.132 to Rs.140","19-FEB-2025"
"Maxvolt Energy Industries Limited","SME","180","MAXVOLT","12-FEB-2025","14-FEB-2025","Rs.171 to Rs.180","19-FEB-2025"
"Ajax Engineering Limited","EQ","   629","AJAXENGG","10-FEB-2025","12-FEB-2025","Rs.599 to Rs.629","17-FEB-2025"
"Chandan Healthcare Limited","SME","159","CHANDAN","10-FEB-2025","12-FEB-2025","Rs.151 to Rs.159","17-FEB-2025"
"Eleganz Interiors Limited","SME","130","ELGNZ","07-FEB-2025","11-FEB-2025","Rs.123 to Rs.130","14-FEB-2025"
"Readymix Construction Machinery Limited","SME","123","READYMIX","06-FEB-2025","10-FEB-2025","Rs.121 to Rs.123","13-FEB-2025"
"Ken Enterprises Limited","SME","94","KEN","05-FEB-2025","07-FEB-2025","Rs.94","12-FEB-2025"
"Chamunda Electrical Limited","SME","50","CHAMUNDA","04-FEB-2025","06-FEB-2025","Rs.47 to Rs.50","11-FEB-2025"